Algorithm Name,Train Accuracy,TestAccuracy,Precision,Recall,F1 Score,AUC
LogisticRegression,0.6675624133148405,0.6640083217753121,0.6571994715984147,0.6885813148788927,0.672524501520784,0.7176412878031889
GaussianNB,0.6268203883495146,0.6203190013869625,0.6143790849673203,0.6505190311418685,0.6319327731092437,0.6541016324773788
SVC,0.6087898751733704,0.6140776699029126,0.6182336182336182,0.6006920415224913,0.6093366093366093,0.660853726275696
DecisionTreeClassifier,0.9935852981969486,0.7108183079056866,0.7125956854558108,0.7086505190311418,0.710617626648161,0.7112780165003089
RandomForestClassifier,0.9935852981969486,0.7773925104022191,0.7696440564137005,0.7930795847750866,0.7811860940695297,0.8610920213239203
AdaBoostClassifier,0.6770110957004161,0.665742024965326,0.6602265156562291,0.6858131487889273,0.6727766463000678,0.7291770765453711
GradientBoostingClassifier,0.742371705963939,0.7305825242718447,0.7138284250960307,0.7716262975778547,0.7416029265048221,0.7974785450295885
XGBClassifier,0.8927704576976422,0.7857142857142857,0.774386197743862,0.8076124567474049,0.790650406504065,0.860418976076716
