Algorithm Name,Train Accuracy,TestAccuracy,Precision,Recall,F1 Score,AUC
LogisticRegression,0.664569631112382,0.6591364026308264,0.6623229461756374,0.6623229461756374,0.6623229461756374,0.7234285144161885
GaussianNB,0.6304451434562959,0.6225336002287675,0.6096599310004929,0.7008498583569405,0.6520822351080653,0.6773454520474455
SVC,0.6033743208464398,0.620817843866171,0.6282875511396844,0.6090651558073654,0.6185270425776754,0.6712822785886725
DecisionTreeClassifier,0.9921837765703937,0.6991707177580784,0.7033656588705077,0.6985835694050991,0.7009664582148948,0.701081459479617
RandomForestClassifier,0.9921837765703937,0.7732342007434945,0.7676211453744494,0.7898016997167139,0.778553476682491,0.8482665899024526
AdaBoostClassifier,0.6749594890858831,0.6674292250500429,0.6718036529680366,0.6668555240793201,0.6693204435598522,0.7337838324097639
GradientBoostingClassifier,0.7372986369268897,0.7163282813840435,0.7103973870440936,0.7393767705382436,0.7245974458634092,0.7896358497602208
XGBClassifier,0.9044895624821275,0.7700886474120675,0.7559936068193926,0.8039660056657224,0.7792421746293244,0.855246844925384
