Algorithm Name,Train Accuracy,TestAccuracy,Precision,Recall,F1 Score,AUC
LogisticRegression,0.677835813540948,0.6696886085928262,0.7027883396704689,0.7503382949932341,0.7257853403141361,0.7054635759473857
GaussianNB,0.6361486153542919,0.6306661411115491,0.6925266903914591,0.6583220568335588,0.6749913284772806,0.6467446374333793
SVC,0.5670641568936632,0.5841545132045723,0.5836298932384342,0.9986468200270636,0.7367107561766908,0.6772582708174408
DecisionTreeClassifier,0.9928057553956835,0.6870319274733938,0.7401685393258427,0.713125845737483,0.726395589248794,0.6836456252930933
RandomForestClassifier,0.9928057553956835,0.7489160425699646,0.7704180064308682,0.8105548037889039,0.7899769205407188,0.8144565366003876
AdaBoostClassifier,0.6878880457278013,0.6689002759164367,0.699375,0.7571041948579161,0.7270955165692008,0.7216413600289292
GradientBoostingClassifier,0.7274071154035675,0.7162002364998029,0.7342398022249691,0.803788903924222,0.7674418604651163,0.765784224655987
XGBClassifier,0.8919877796393022,0.7654710287741426,0.7817485641352904,0.8288227334235453,0.8045977011494253,0.8335681273088075
