Algorithm Name,Train Accuracy,TestAccuracy,Precision,Recall,F1 Score,AUC
LogisticRegression,0.6627947295423023,0.6553398058252428,0.6480630334865397,0.683044982698962,0.6650943396226414,0.7145215703908184
GaussianNB,0.6256067961165048,0.619625520110957,0.6135770234986945,0.6505190311418685,0.6315082297615048,0.6533071553438446
SVC,0.6076629680998613,0.6119972260748959,0.6169296987087518,0.5951557093425606,0.60584712927087,0.6608388178064832
DecisionTreeClassifier,0.9937586685159501,0.7187933425797504,0.7210599721059973,0.7155709342560553,0.7183049670024314,0.7193107958958426
RandomForestClassifier,0.9937586685159501,0.7805131761442441,0.7721179624664879,0.7972318339100346,0.7844739530132789,0.8578208146276128
AdaBoostClassifier,0.6726768377253814,0.6598474341192788,0.6546666666666666,0.6795847750865052,0.6668930390492359,0.7248353455759118
GradientBoostingClassifier,0.7398578363384188,0.720873786407767,0.7051282051282052,0.7612456747404844,0.7321131447587355,0.7917758150965083
XGBClassifier,0.8895631067961165,0.7829403606102635,0.7667752442996743,0.8145328719723184,0.7899328859060403,0.8556198917452768
