Algorithm Name,Train Accuracy,TestAccuracy,Precision,Recall,F1 Score,AUC
LogisticRegression,0.6677390527256479,0.6576125804145818,0.6673835125448029,0.6533333333333333,0.6602836879432624,0.7211027203843549
GaussianNB,0.6302055406613047,0.6179413867047892,0.6096059113300493,0.6947368421052632,0.6493932436864546,0.6736364217170748
SVC,0.769615728328865,0.725518227305218,0.7311752287121746,0.7291228070175438,0.7301475755446241,0.7991929569006273
DecisionTreeClassifier,0.9915996425379804,0.6951393852751966,0.7051649928263989,0.6898245614035088,0.6974104292302236,0.6979149256973461
RandomForestClassifier,0.9915996425379804,0.773409578270193,0.7718213058419244,0.7880701754385965,0.7798611111111112,0.8495120174799708
AdaBoostClassifier,0.6750670241286864,0.6644031451036455,0.6740687679083095,0.6603508771929825,0.6671393123006026,0.7321948352308301
GradientBoostingClassifier,0.7379803395889187,0.7194424588992138,0.7165087956698241,0.7431578947368421,0.7295900792283844,0.7881524641903375
XGBClassifier,0.8988382484361037,0.7730521801286633,0.7622841965471447,0.8056140350877193,0.7833503923575571,0.8521053909354596
