Algorithm Name,Train Accuracy,TestAccuracy,Precision,Recall,F1 Score,AUC
LogisticRegression,0.687099635360205,0.6759952700039417,0.7075949367088608,0.7564276048714479,0.7311968606932636,0.7149885446095776
GaussianNB,0.6361486153542919,0.6306661411115491,0.6925266903914591,0.6583220568335588,0.6749913284772806,0.6467430401954508
SVC,0.7658421208238888,0.7134410721324399,0.734248284466625,0.7963464140730717,0.7640376501135994,0.7807736637188044
DecisionTreeClassifier,0.9928057553956835,0.6815135987386677,0.7349228611500701,0.7090663058186739,0.7217630853994491,0.6775885796210329
RandomForestClassifier,0.9928057553956835,0.7497043752463539,0.7714101738570509,0.8105548037889039,0.790498185417354,0.8161585533368857
AdaBoostClassifier,0.6878880457278013,0.6689002759164367,0.699375,0.7571041948579161,0.7270955165692008,0.7216413600289292
GradientBoostingClassifier,0.7274071154035675,0.7162002364998029,0.7342398022249691,0.803788903924222,0.7674418604651163,0.765784224655987
XGBClassifier,0.8919877796393022,0.7654710287741426,0.7817485641352904,0.8288227334235453,0.8045977011494253,0.8335681273088075
