Algorithm Name,Train Accuracy,TestAccuracy,Precision,Recall,F1 Score,AUC
LogisticRegression,0.6834257975034674,0.6754507628294036,0.6642995480955455,0.7121107266435986,0.6873747494989979,0.7353323506568143
GaussianNB,0.6268203883495146,0.6203190013869625,0.6143790849673203,0.6505190311418685,0.6319327731092437,0.6540992278855703
SVC,0.8146671289875174,0.7368238557558946,0.7259552042160737,0.7626297577854672,0.7438407019912251,0.8124952208737806
DecisionTreeClassifier,0.9935852981969486,0.7073509015256588,0.7102869139258222,0.7024221453287197,0.7063326374391092,0.7073924365969254
RandomForestClassifier,0.9935852981969486,0.7801664355062413,0.7719651240778002,0.7965397923875432,0.7840599455040872,0.8612646710157719
AdaBoostClassifier,0.6770110957004161,0.665742024965326,0.6602265156562291,0.6858131487889273,0.6727766463000678,0.7291770765453711
GradientBoostingClassifier,0.742371705963939,0.7305825242718447,0.7138284250960307,0.7716262975778547,0.7416029265048221,0.7974785450295885
XGBClassifier,0.8927704576976422,0.7857142857142857,0.774386197743862,0.8076124567474049,0.790650406504065,0.8604069531176735
