Algorithm Name,Train Accuracy,TestAccuracy,Precision,Recall,F1 Score,AUC
LogisticRegression,0.6822122052704577,0.6726768377253814,0.662346079066753,0.7072664359861591,0.6840696117804551,0.7349875321914728
GaussianNB,0.6268203883495146,0.6203190013869625,0.6143790849673203,0.6505190311418685,0.6319327731092437,0.6541021133957405
SVC,0.7897018030513177,0.7343966712898752,0.7264843228819213,0.7536332179930796,0.7398097826086957,0.8091444221886114
DecisionTreeClassifier,0.9935852981969486,0.7146324549237171,0.7183988764044944,0.7079584775086505,0.713140467061694,0.7151210351286816
RandomForestClassifier,0.9935852981969486,0.7777392510402219,0.7694369973190348,0.7944636678200692,0.7817500851208716,0.8603191855166625
AdaBoostClassifier,0.6770110957004161,0.665742024965326,0.6602265156562291,0.6858131487889273,0.6727766463000678,0.7291770765453711
GradientBoostingClassifier,0.742371705963939,0.7305825242718447,0.7138284250960307,0.7716262975778547,0.7416029265048221,0.7974785450295885
XGBClassifier,0.8927704576976422,0.7857142857142857,0.774386197743862,0.8076124567474049,0.790650406504065,0.860418976076716
