Algorithm Name,Train Accuracy,TestAccuracy,Precision,Recall,F1 Score,AUC
LogisticRegression,0.6868039814723563,0.6752069373275522,0.7064393939393939,0.7571041948579161,0.7308948399738733,0.7149380718910403
GaussianNB,0.6361486153542919,0.6306661411115491,0.6925266903914591,0.6583220568335588,0.6749913284772806,0.6467427207478651
SVC,0.7903813935153248,0.7252660622782814,0.7417956656346749,0.8105548037889039,0.774652440995797,0.7908988743944871
DecisionTreeClassifier,0.9928057553956835,0.6775719353567206,0.7275862068965517,0.7138024357239513,0.7206284153005466,0.6718790929221916
RandomForestClassifier,0.9928057553956835,0.7508868742609381,0.770460358056266,0.8152909336941814,0.7922419460880998,0.8166741417401716
AdaBoostClassifier,0.6878880457278013,0.6689002759164367,0.699375,0.7571041948579161,0.7270955165692008,0.7216413600289292
GradientBoostingClassifier,0.7274071154035675,0.7162002364998029,0.7342398022249691,0.803788903924222,0.7674418604651163,0.765784224655987
XGBClassifier,0.8919877796393022,0.7654710287741426,0.7817485641352904,0.8288227334235453,0.8045977011494253,0.8335681273088075
