Algorithm Name,Train Accuracy,TestAccuracy,Precision,Recall,F1 Score,AUC
LogisticRegression,0.6708564493758669,0.6653952843273232,0.6570680628272252,0.6948096885813149,0.6754120417087118,0.7244289695602723
GaussianNB,0.6256067961165048,0.619625520110957,0.6135770234986945,0.6505190311418685,0.6315082297615048,0.6533066744254828
SVC,0.7919556171983356,0.7371705963938974,0.7279362972793629,0.7591695501730104,0.7432249322493225,0.8072868750165316
DecisionTreeClassifier,0.9937586685159501,0.7184466019417476,0.7181254307374225,0.7211072664359861,0.7196132596685083,0.7191088101839272
RandomForestClassifier,0.9937586685159501,0.782246879334258,0.7747141896435776,0.7972318339100346,0.7858117326057299,0.8583284239583912
AdaBoostClassifier,0.6726768377253814,0.6598474341192788,0.6546666666666666,0.6795847750865052,0.6668930390492359,0.7248353455759118
GradientBoostingClassifier,0.7398578363384188,0.720873786407767,0.7051282051282052,0.7612456747404844,0.7321131447587355,0.7918200595857849
XGBClassifier,0.8895631067961165,0.7829403606102635,0.7667752442996743,0.8145328719723184,0.7899328859060403,0.8556198917452768
